Id,Nome,Telefone,Email
1,Olivia Novaes,+55 (031) 1899 8684,stephany18@example.net
2,Henrique Viana,0500-376-1665,maria-vitoria98@example.net
3,Carolina Gonçalves,(051) 0240 7970,eloah64@example.net
4,Cauã Lopes,84 9299 6993,nunesemanuella@example.net
5,Calebe Rezende,31 0824-8287,juliana80@example.org
6,Gabrielly Novaes,51 7507 6934,enrico38@example.org
7,Isabelly Rodrigues,+55 31 8108 4838,renannovaes@example.org
8,Srta. Fernanda Mendes,+55 (051) 1190 4341,qda-paz@example.com
9,Pedro Rezende,(011) 3614 0751,nathansouza@example.org
10,Davi da Rocha,84 0530-8439,danilofreitas@example.org
